datetime,game_length,game_result,time_per_game,training_steps
2025-11-12 10:52:13,11,B+1.0,4.0283,39000
2025-11-12 10:52:17,15,B+1.0,4.0836,39000
2025-11-12 10:52:32,29,B+1.0,5.9207,39000
2025-11-12 10:52:35,9,B+1.0,5.2486,39000
2025-11-12 10:52:41,17,B+1.0,5.4573,39000
2025-11-12 10:52:47,19,B+1.0,5.4521,39000
2025-11-12 10:52:51,13,B+1.0,5.3171,39000
2025-11-12 10:52:54,9,B+1.0,5.0027,39000
2025-11-12 10:53:02,26,W+1.0,5.329,39000
2025-11-12 10:53:06,14,W+1.0,5.1915,39000
2025-11-12 10:53:08,9,B+1.0,4.9377,39000
2025-11-12 10:53:13,12,W+1.0,4.9162,39000
2025-11-12 10:53:17,11,B+1.0,4.8434,39000
2025-11-12 10:53:21,11,B+1.0,4.754,39000
2025-11-12 10:53:25,17,B+1.0,4.7567,39000
2025-11-12 10:53:32,23,B+1.0,4.8932,39000
2025-11-12 10:53:37,17,B+1.0,4.8892,39000
2025-11-12 10:53:42,16,W+1.0,4.9037,39000
2025-11-12 10:53:46,14,W+1.0,4.8369,39000
2025-11-12 10:53:50,19,B+1.0,4.7958,39000
2025-11-12 10:53:53,9,B+1.0,4.7052,39000
2025-11-12 10:53:58,20,W+1.0,4.7133,39000
2025-11-12 10:54:06,28,W+1.0,4.8618,39000
2025-11-12 10:54:08,9,B+1.0,4.765,39000
2025-11-12 10:54:11,9,B+1.0,4.6677,39000
2025-11-12 10:54:13,9,B+1.0,4.5837,39000
2025-11-12 10:54:19,19,B+1.0,4.6346,39000
2025-11-12 10:54:22,9,B+1.0,4.5575,39000
2025-11-12 10:54:25,11,B+1.0,4.5302,39000
2025-11-12 10:54:31,14,W+1.0,4.5585,39000
2025-11-12 10:54:33,9,B+1.0,4.4871,39000
2025-11-12 10:54:41,27,B+1.0,4.5941,39000
2025-11-12 10:54:45,14,W+1.0,4.5863,39000
2025-11-12 10:54:51,20,W+1.0,4.6208,39000
2025-11-12 10:54:54,9,B+1.0,4.5761,39000
2025-11-12 10:54:57,9,B+1.0,4.523,39000
2025-11-12 10:55:06,31,B+1.0,4.66,39000
2025-11-12 10:55:11,17,B+1.0,4.6483,39000
2025-11-12 10:55:15,11,B+1.0,4.6412,39000
2025-11-12 10:55:19,15,B+1.0,4.6283,39000
2025-11-12 10:55:24,15,B+1.0,4.6316,39000
2025-11-12 10:55:27,9,B+1.0,4.5832,39000
2025-11-12 10:55:33,21,B+1.0,4.6202,39000
2025-11-12 10:55:38,17,B+1.0,4.6402,39000
2025-11-12 10:55:42,13,B+1.0,4.6251,39000
2025-11-12 10:55:45,11,B+1.0,4.5877,39000
2025-11-12 10:55:50,15,B+1.0,4.6002,39000
2025-11-12 10:55:55,13,B+1.0,4.6042,39000
2025-11-12 10:56:01,13,B+1.0,4.6348,39000
2025-11-12 10:56:04,9,B+1.0,4.5976,39000
2025-11-12 10:56:07,11,B+1.0,4.5684,39000
2025-11-12 10:56:11,12,W+1.0,4.5596,39000
2025-11-12 10:56:13,9,B+1.0,4.5149,39000
2025-11-12 10:56:18,19,B+1.0,4.5197,39000
2025-11-12 10:56:24,15,B+1.0,4.5527,39000
2025-11-12 10:56:27,9,B+1.0,4.5248,39000
2025-11-12 10:56:30,11,B+1.0,4.4914,39000
2025-11-12 10:56:35,20,W+1.0,4.507,39000
2025-11-12 10:56:42,25,B+1.0,4.5455,39000
2025-11-12 10:56:47,14,W+1.0,4.5412,39000
2025-11-12 10:56:50,11,B+1.0,4.5224,39000
2025-11-12 10:56:53,9,B+1.0,4.4936,39000
2025-11-12 10:56:56,9,B+1.0,4.4702,39000
2025-11-12 10:57:03,24,W+1.0,4.5066,39000
2025-11-12 10:57:07,16,W+1.0,4.5126,39000
2025-11-12 10:57:15,21,B+1.0,4.5518,39000
2025-11-12 10:57:18,11,B+1.0,4.5355,39000
2025-11-12 10:57:32,41,B+1.0,4.6768,39000
2025-11-12 10:57:36,13,B+1.0,4.6585,39000
2025-11-12 10:57:40,15,B+1.0,4.6558,39000
2025-11-12 10:57:43,9,B+1.0,4.6338,39000
2025-11-12 10:57:46,9,B+1.0,4.6063,39000
2025-11-12 10:57:55,26,W+1.0,4.669,39000
2025-11-12 10:57:58,9,B+1.0,4.6454,39000
2025-11-12 10:58:02,11,B+1.0,4.634,39000
2025-11-12 10:58:07,17,B+1.0,4.6462,39000
2025-11-12 10:58:11,9,B+1.0,4.6305,39000
2025-11-12 10:58:14,9,B+1.0,4.6112,39000
2025-11-12 10:58:16,9,B+1.0,4.5858,39000
2025-11-12 10:58:19,9,B+1.0,4.5577,39000
2025-11-12 10:58:23,13,B+1.0,4.555,39000
2025-11-12 10:58:26,10,W+1.0,4.5382,39000
2025-11-12 10:58:30,14,W+1.0,4.5242,39000
2025-11-12 10:58:32,9,B+1.0,4.4987,39000
2025-11-12 10:58:35,9,B+1.0,4.4805,39000
2025-11-12 10:58:38,10,W+1.0,4.4646,39000
2025-11-12 10:58:41,9,B+1.0,4.4428,39000
2025-11-12 10:58:45,12,W+1.0,4.4391,39000
2025-11-12 10:58:48,9,B+1.0,4.425,39000
2025-11-12 10:58:54,17,B+1.0,4.4432,39000
2025-11-12 10:58:57,9,B+1.0,4.4239,39000
2025-11-12 10:59:00,9,B+1.0,4.4068,39000
2025-11-12 10:59:03,11,B+1.0,4.3911,39000
2025-11-12 10:59:07,14,W+1.0,4.393,39000
2025-11-12 10:59:11,13,B+1.0,4.3883,39000
2025-11-12 10:59:14,11,B+1.0,4.3758,39000
2025-11-12 10:59:17,11,B+1.0,4.3643,39000
2025-11-12 10:59:20,9,B+1.0,4.3475,39000
2025-11-12 10:59:23,9,B+1.0,4.3324,39000
2025-11-12 10:59:27,11,B+1.0,4.3268,39000
2025-11-12 10:59:30,13,B+1.0,4.3227,39000
2025-11-12 10:59:33,9,B+1.0,4.3086,39000
2025-11-12 10:59:37,14,W+1.0,4.2493,39000
2025-11-12 10:59:40,9,B+1.0,4.249,39000
2025-11-12 10:59:43,10,W+1.0,4.2176,39000
2025-11-12 10:59:47,11,B+1.0,4.2021,39000
2025-11-12 10:59:50,9,B+1.0,4.1845,39000
2025-11-12 10:59:57,29,B+1.0,4.226,39000
2025-11-12 11:00:00,11,B+1.0,4.1795,39000
2025-11-12 11:00:03,9,B+1.0,4.1671,39000
2025-11-12 11:00:09,17,B+1.0,4.2009,39000
2025-11-12 11:00:17,23,B+1.0,4.2362,39000
2025-11-12 11:00:20,9,B+1.0,4.2319,39000
2025-11-12 11:00:25,11,B+1.0,4.2394,39000
2025-11-12 11:00:28,11,B+1.0,4.2294,39000
2025-11-12 11:00:31,9,B+1.0,4.1855,39000
2025-11-12 11:00:33,9,B+1.0,4.1597,39000
2025-11-12 11:00:36,9,B+1.0,4.135,39000
2025-11-12 11:00:42,18,W+1.0,4.1588,39000
2025-11-12 11:00:47,19,B+1.0,4.1714,39000
2025-11-12 11:00:52,13,B+1.0,4.1888,39000
2025-11-12 11:00:55,9,B+1.0,4.1679,39000
2025-11-12 11:00:57,9,B+1.0,4.1129,39000
2025-11-12 11:01:00,9,B+1.0,4.1113,39000
2025-11-12 11:01:03,11,B+1.0,4.1221,39000
2025-11-12 11:01:07,13,B+1.0,4.1396,39000
2025-11-12 11:01:12,16,W+1.0,4.1308,39000
2025-11-12 11:01:16,11,B+1.0,4.1422,39000
2025-11-12 11:01:24,24,W+1.0,4.1814,39000
2025-11-12 11:01:28,11,B+1.0,4.172,39000
2025-11-12 11:01:36,28,W+1.0,4.2281,39000
2025-11-12 11:01:40,12,W+1.0,4.1865,39000
2025-11-12 11:01:47,25,B+1.0,4.2128,39000
2025-11-12 11:01:50,9,B+1.0,4.186,39000
2025-11-12 11:01:53,9,B+1.0,4.1831,39000
2025-11-12 11:01:56,9,B+1.0,4.1857,39000
2025-11-12 11:01:58,9,B+1.0,4.116,39000
2025-11-12 11:02:02,11,B+1.0,4.1157,39000
2025-11-12 11:02:07,14,W+1.0,4.1193,39000
2025-11-12 11:02:15,22,W+1.0,4.1529,39000
2025-11-12 11:02:19,17,B+1.0,4.1472,39000
2025-11-12 11:02:22,9,B+1.0,4.1533,39000
2025-11-12 11:02:26,11,B+1.0,4.1285,39000
2025-11-12 11:02:29,11,B+1.0,4.1074,39000
2025-11-12 11:02:34,17,B+1.0,4.1156,39000
2025-11-12 11:02:41,19,B+1.0,4.1524,39000
2025-11-12 11:02:44,11,B+1.0,4.1341,39000
2025-11-12 11:02:48,18,W+1.0,4.1311,39000
2025-11-12 11:02:51,9,B+1.0,4.0948,39000
2025-11-12 11:02:55,11,B+1.0,4.1047,39000
2025-11-12 11:03:00,14,W+1.0,4.1257,39000
2025-11-12 11:03:07,23,B+1.0,4.1566,39000
2025-11-12 11:03:10,11,B+1.0,4.1691,39000
2025-11-12 11:03:14,11,B+1.0,4.1548,39000
2025-11-12 11:03:18,13,B+1.0,4.1356,39000
2025-11-12 11:03:21,13,B+1.0,4.1367,39000
2025-11-12 11:03:30,31,B+1.0,4.193,39000
2025-11-12 11:03:36,25,B+1.0,4.2069,39000
2025-11-12 11:03:41,16,W+1.0,4.1845,39000
2025-11-12 11:03:44,9,B+1.0,4.1678,39000
2025-11-12 11:03:46,9,B+1.0,4.1621,39000
2025-11-12 11:03:53,17,B+1.0,4.2006,39000
2025-11-12 11:03:55,9,B+1.0,4.1951,39000
2025-11-12 11:04:05,27,B+1.0,4.2223,39000
2025-11-12 11:04:09,12,W+1.0,4.2129,39000
2025-11-12 11:04:12,9,B+1.0,4.1688,39000
2025-11-12 11:04:17,17,B+1.0,4.189,39000
2025-11-12 11:04:20,9,B+1.0,4.0772,39000
2025-11-12 11:04:23,15,B+1.0,4.0746,39000
2025-11-12 11:04:26,9,B+1.0,4.0576,39000
2025-11-12 11:04:29,11,B+1.0,4.0575,39000
2025-11-12 11:04:36,19,B+1.0,4.0995,39000
2025-11-12 11:04:41,18,W+1.0,4.0577,39000
2025-11-12 11:04:49,26,W+1.0,4.1088,39000
2025-11-12 11:04:52,9,B+1.0,4.0977,39000
2025-11-12 11:04:56,13,B+1.0,4.0894,39000
2025-11-12 11:04:59,9,B+1.0,4.0824,39000
2025-11-12 11:05:08,35,B+1.0,4.1386,39000
2025-11-12 11:05:13,21,B+1.0,4.1671,39000
2025-11-12 11:05:19,16,W+1.0,4.1968,39000
2025-11-12 11:05:22,13,B+1.0,4.1908,39000
2025-11-12 11:05:27,15,B+1.0,4.2048,39000
2025-11-12 11:05:31,11,B+1.0,4.207,39000
2025-11-12 11:05:34,11,B+1.0,4.2146,39000
2025-11-12 11:05:38,14,W+1.0,4.2322,39000
2025-11-12 11:05:42,9,B+1.0,4.233,39000
2025-11-12 11:05:46,13,B+1.0,4.2532,39000
2025-11-12 11:05:49,9,B+1.0,4.2447,39000
2025-11-12 11:05:55,15,B+1.0,4.2658,39000
2025-11-12 11:05:59,16,W+1.0,4.2455,39000
2025-11-12 11:06:06,21,B+1.0,4.2909,39000
2025-11-12 11:06:13,22,W+1.0,4.3318,39000
2025-11-12 11:06:15,9,B+1.0,4.3265,39000
2025-11-12 11:06:20,13,B+1.0,4.328,39000
2025-11-12 11:06:25,13,B+1.0,4.3407,39000
2025-11-12 11:06:29,13,B+1.0,4.3476,39000
2025-11-12 11:06:38,25,B+1.0,4.4068,39000
2025-11-12 11:07:28,13,B+1.0,4.4258,40000
2025-11-12 11:07:31,9,B+1.0,4.4126,40000
2025-11-12 11:07:33,9,B+1.0,4.4017,40000
2025-11-12 11:07:38,15,B+1.0,4.416,40000
2025-11-12 11:07:44,17,B+1.0,4.4436,40000
2025-11-12 11:07:50,15,B+1.0,4.472,40000
2025-11-12 11:07:53,9,B+1.0,4.4686,40000
2025-11-12 11:07:56,9,B+1.0,4.459,40000
2025-11-12 11:08:02,21,B+1.0,4.4936,40000
2025-11-12 11:08:06,13,B+1.0,4.4609,40000
2025-11-12 11:08:08,9,B+1.0,4.4479,40000
2025-11-12 11:08:10,9,B+1.0,4.4417,40000
2025-11-12 11:08:13,12,W+1.0,4.415,40000
2025-11-12 11:08:15,9,B+1.0,4.3565,40000
2025-11-12 11:08:22,23,B+1.0,4.3871,40000
2025-11-12 11:08:25,9,B+1.0,4.3708,40000
2025-11-12 11:08:29,15,B+1.0,4.3797,40000
2025-11-12 11:08:32,9,B+1.0,4.3862,40000
2025-11-12 11:08:38,15,B+1.0,4.4202,40000
2025-11-12 11:08:42,14,W+1.0,4.43,40000
2025-11-12 11:08:45,9,B+1.0,4.399,40000
2025-11-12 11:08:48,9,B+1.0,4.3767,40000
2025-11-12 11:08:53,13,B+1.0,4.3816,40000
2025-11-12 11:08:56,9,B+1.0,4.3826,40000
2025-11-12 11:09:01,15,B+1.0,4.413,40000
2025-11-12 11:09:08,23,B+1.0,4.4569,40000
2025-11-12 11:09:11,9,B+1.0,4.4461,40000
2025-11-12 11:09:14,9,B+1.0,4.4368,40000
2025-11-12 11:09:19,13,B+1.0,4.4339,40000
2025-11-12 11:09:22,9,B+1.0,4.4273,40000
2025-11-12 11:09:28,25,B+1.0,4.416,40000
2025-11-12 11:09:31,9,B+1.0,4.3988,40000
2025-11-12 11:09:35,14,W+1.0,4.3625,40000
2025-11-12 11:09:37,9,B+1.0,4.3468,40000
2025-11-12 11:09:41,12,W+1.0,4.3096,40000
2025-11-12 11:09:46,13,B+1.0,4.3334,40000
2025-11-12 11:09:52,13,B+1.0,4.3661,40000
2025-11-12 11:09:55,9,B+1.0,4.3685,40000
2025-11-12 11:09:59,11,B+1.0,4.3778,40000
2025-11-12 11:10:04,17,B+1.0,4.3889,40000
2025-11-12 11:10:10,16,W+1.0,4.4033,40000
2025-11-12 11:10:14,9,B+1.0,4.3644,40000
2025-11-12 11:10:17,9,B+1.0,4.3568,40000
2025-11-12 11:10:21,9,B+1.0,4.3596,40000
2025-11-12 11:10:24,9,B+1.0,4.3502,40000
2025-11-12 11:10:31,25,B+1.0,4.3934,40000
2025-11-12 11:10:42,33,B+1.0,4.4501,40000
2025-11-12 11:10:45,9,B+1.0,4.4121,40000
2025-11-12 11:10:51,15,B+1.0,4.4389,40000
2025-11-12 11:11:00,23,B+1.0,4.4859,40000
2025-11-12 11:11:06,19,B+1.0,4.5228,40000
2025-11-12 11:11:16,33,B+1.0,4.5804,40000
2025-11-12 11:11:22,16,W+1.0,4.5979,40000
2025-11-12 11:11:29,15,B+1.0,4.5879,40000
2025-11-12 11:11:33,13,B+1.0,4.5957,40000
2025-11-12 11:11:41,17,B+1.0,4.6401,40000
2025-11-12 11:11:44,9,B+1.0,4.6286,40000
2025-11-12 11:11:47,9,B+1.0,4.6307,40000
2025-11-12 11:11:53,15,B+1.0,4.6017,40000
2025-11-12 11:11:59,20,W+1.0,4.5971,40000
2025-11-12 11:12:07,27,B+1.0,4.6317,40000
2025-11-12 11:12:09,9,B+1.0,4.6287,40000
2025-11-12 11:12:16,26,W+1.0,4.6687,40000
2025-11-12 11:12:19,9,B+1.0,4.6369,40000
2025-11-12 11:12:25,17,B+1.0,4.6693,40000
2025-11-12 11:12:32,18,W+1.0,4.6441,40000
2025-11-12 11:12:35,9,B+1.0,4.6331,40000
2025-11-12 11:12:39,11,B+1.0,4.6481,40000
2025-11-12 11:12:44,17,B+1.0,4.643,40000
2025-11-12 11:12:48,11,B+1.0,4.6482,40000
2025-11-12 11:12:51,9,B+1.0,4.6469,40000
2025-11-12 11:12:55,20,W+1.0,4.6668,40000
2025-11-12 11:13:00,14,W+1.0,4.6832,40000
2025-11-12 11:13:04,11,B+1.0,4.648,40000
2025-11-12 11:13:11,21,B+1.0,4.6702,40000
2025-11-12 11:13:14,9,B+1.0,4.6235,40000
2025-11-12 11:13:18,9,B+1.0,4.6305,40000
2025-11-12 11:13:21,9,B+1.0,4.6178,40000
2025-11-12 11:13:24,9,B+1.0,4.6206,40000
2025-11-12 11:13:31,23,B+1.0,4.6039,40000
2025-11-12 11:13:34,9,B+1.0,4.5753,40000
2025-11-12 11:13:40,17,B+1.0,4.5809,40000
2025-11-12 11:13:43,9,B+1.0,4.5738,40000
2025-11-12 11:13:49,15,B+1.0,4.5877,40000
2025-11-12 11:13:52,14,W+1.0,4.5898,40000
2025-11-12 11:13:57,16,W+1.0,4.6063,40000
2025-11-12 11:14:04,23,B+1.0,4.6323,40000
2025-11-12 11:14:10,21,B+1.0,4.6577,40000
2025-11-12 11:14:15,15,B+1.0,4.6646,40000
2025-11-12 11:14:19,9,B+1.0,4.6622,40000
2025-11-12 11:14:22,13,B+1.0,4.6468,40000
2025-11-12 11:14:26,14,W+1.0,4.6414,40000
2025-11-12 11:14:29,11,B+1.0,4.6029,40000
2025-11-12 11:14:32,9,B+1.0,4.5608,40000
2025-11-12 11:14:36,13,B+1.0,4.5778,40000
2025-11-12 11:14:41,16,W+1.0,4.5848,40000
2025-11-12 11:14:45,11,B+1.0,4.5709,40000
2025-11-12 11:14:49,11,B+1.0,4.5681,40000
2025-11-12 11:14:53,12,W+1.0,4.5179,40000
2025-11-12 11:14:57,15,B+1.0,4.5402,40000
2025-11-12 11:15:00,9,B+1.0,4.5177,40000
2025-11-12 11:15:12,31,B+1.0,4.605,40000
2025-11-12 11:15:16,10,W+1.0,4.62,40000
2025-11-12 11:15:20,9,B+1.0,4.6174,40000
2025-11-12 11:15:24,15,B+1.0,4.5983,40000
2025-11-12 11:15:29,17,B+1.0,4.5872,40000
2025-11-12 11:15:32,11,B+1.0,4.5929,40000
2025-11-12 11:15:36,9,B+1.0,4.5967,40000
2025-11-12 11:15:41,17,B+1.0,4.588,40000
2025-11-12 11:15:45,9,B+1.0,4.5865,40000
2025-11-12 11:15:49,11,B+1.0,4.6088,40000
2025-11-12 11:15:55,17,B+1.0,4.6501,40000
2025-11-12 11:16:00,11,B+1.0,4.6721,40000
2025-11-12 11:16:05,14,W+1.0,4.6949,40000
2025-11-12 11:16:08,12,W+1.0,4.6631,40000
2025-11-12 11:16:11,9,B+1.0,4.6642,40000
2025-11-12 11:16:16,15,B+1.0,4.661,40000
2025-11-12 11:16:18,9,B+1.0,4.6545,40000
2025-11-12 11:16:24,17,B+1.0,4.6522,40000
2025-11-12 11:16:26,9,B+1.0,4.6389,40000
2025-11-12 11:16:30,9,B+1.0,4.6496,40000
2025-11-12 11:16:32,9,B+1.0,4.6441,40000
2025-11-12 11:16:36,14,W+1.0,4.6307,40000
2025-11-12 11:16:42,17,B+1.0,4.6636,40000
2025-11-12 11:16:45,9,B+1.0,4.6315,40000
2025-11-12 11:16:48,9,B+1.0,4.5979,40000
2025-11-12 11:16:51,9,B+1.0,4.6026,40000
2025-11-12 11:16:54,9,B+1.0,4.5966,40000
2025-11-12 11:17:00,19,B+1.0,4.6107,40000
2025-11-12 11:17:06,13,B+1.0,4.6444,40000
2025-11-12 11:17:10,11,B+1.0,4.62,40000
2025-11-12 11:17:15,11,B+1.0,4.6415,40000
2025-11-12 11:17:18,9,B+1.0,4.6298,40000
2025-11-12 11:17:21,11,B+1.0,4.637,40000
2025-11-12 11:17:28,19,B+1.0,4.6752,40000
2025-11-12 11:17:32,9,B+1.0,4.6523,40000
2025-11-12 11:17:38,18,W+1.0,4.6568,40000
2025-11-12 11:17:42,11,B+1.0,4.6632,40000
2025-11-12 11:17:45,9,B+1.0,4.6631,40000
2025-11-12 11:17:49,11,B+1.0,4.6502,40000
2025-11-12 11:17:55,13,B+1.0,4.6465,40000
2025-11-12 11:17:59,9,B+1.0,4.6449,40000
2025-11-12 11:18:02,11,B+1.0,4.6463,40000
2025-11-12 11:18:11,29,B+1.0,4.7028,40000
2025-11-12 11:18:14,9,B+1.0,4.702,40000
2025-11-12 11:18:17,9,B+1.0,4.6511,40000
2025-11-12 11:18:20,9,B+1.0,4.5757,40000
2025-11-12 11:18:23,9,B+1.0,4.5771,40000
2025-11-12 11:18:27,13,B+1.0,4.5623,40000
2025-11-12 11:18:30,9,B+1.0,4.4988,40000
2025-11-12 11:18:33,9,B+1.0,4.4673,40000
2025-11-12 11:18:37,11,B+1.0,4.4097,40000
2025-11-12 11:18:41,13,B+1.0,4.3862,40000
2025-11-12 11:18:45,9,B+1.0,4.3566,40000
2025-11-12 11:18:50,15,B+1.0,4.3693,40000
2025-11-12 11:18:57,15,B+1.0,4.3596,40000
2025-11-12 11:19:03,23,B+1.0,4.3909,40000
2025-11-12 11:19:05,9,B+1.0,4.3802,40000
2025-11-12 11:19:10,11,B+1.0,4.3688,40000
2025-11-12 11:19:15,15,B+1.0,4.3629,40000
2025-11-12 11:19:19,11,B+1.0,4.3165,40000
2025-11-12 11:19:22,9,B+1.0,4.3217,40000
2025-11-12 11:19:26,11,B+1.0,4.2923,40000
2025-11-12 11:19:30,19,B+1.0,4.3072,40000
2025-11-12 11:19:33,9,B+1.0,4.2776,40000
2025-11-12 11:19:36,9,B+1.0,4.2368,40000
2025-11-12 11:19:40,13,B+1.0,4.2465,40000
2025-11-12 11:19:42,9,B+1.0,4.229,40000
2025-11-12 11:19:48,19,B+1.0,4.2381,40000
2025-11-12 11:19:51,9,B+1.0,4.2301,40000
2025-11-12 11:19:55,13,B+1.0,4.2399,40000
2025-11-12 11:20:04,23,B+1.0,4.2781,40000
2025-11-12 11:20:06,9,B+1.0,4.2573,40000
2025-11-12 11:20:10,11,B+1.0,4.2638,40000
2025-11-12 11:20:13,9,B+1.0,4.2224,40000
2025-11-12 11:20:17,11,B+1.0,4.2259,40000
2025-11-12 11:20:20,11,B+1.0,4.2243,40000
2025-11-12 11:20:23,9,B+1.0,4.2215,40000
2025-11-12 11:20:26,9,B+1.0,4.2179,40000
2025-11-12 11:20:30,12,W+1.0,4.1918,40000
2025-11-12 11:20:36,22,W+1.0,4.2243,40000
2025-11-12 11:20:40,13,B+1.0,4.2042,40000
2025-11-12 11:20:46,15,B+1.0,4.2294,40000
2025-11-12 11:20:49,9,B+1.0,4.2006,40000
2025-11-12 11:20:53,11,B+1.0,4.2013,40000
2025-11-12 11:21:03,29,B+1.0,4.2574,40000
2025-11-12 11:21:06,9,B+1.0,4.2159,40000
2025-11-12 11:21:10,11,B+1.0,4.1928,40000
2025-11-12 11:21:13,9,B+1.0,4.1685,40000
2025-11-12 11:21:18,17,B+1.0,4.195,40000
2025-11-12 11:21:22,9,B+1.0,4.1921,40000
2025-11-12 11:21:27,18,W+1.0,4.212,40000
2025-11-12 11:21:33,15,B+1.0,4.2334,40000
2025-11-12 11:21:37,15,B+1.0,4.2535,40000
2025-11-12 11:21:46,27,B+1.0,4.3027,40000
2025-11-12 11:21:50,11,B+1.0,4.2853,40000
2025-11-12 11:22:41,9,B+1.0,4.2738,41000
2025-11-12 11:22:44,9,B+1.0,4.2571,41000
2025-11-12 11:22:52,31,B+1.0,4.2964,41000
2025-11-12 11:22:55,9,B+1.0,4.2947,41000
2025-11-12 11:22:58,11,B+1.0,4.2191,41000
2025-11-12 11:23:03,13,B+1.0,4.2205,41000
2025-11-12 11:23:07,13,B+1.0,4.2264,41000
2025-11-12 11:23:11,13,B+1.0,4.2252,41000
2025-11-12 11:23:17,13,B+1.0,4.2269,41000
2025-11-12 11:23:20,13,B+1.0,4.231,41000
2025-11-12 11:23:24,11,B+1.0,4.2387,41000
2025-11-12 11:23:30,19,B+1.0,4.2443,41000
2025-11-12 11:23:35,11,B+1.0,4.2511,41000
2025-11-12 11:23:46,29,B+1.0,4.3257,41000
2025-11-12 11:23:50,9,B+1.0,4.2961,41000
2025-11-12 11:23:52,9,B+1.0,4.2718,41000
2025-11-12 11:23:57,11,B+1.0,4.2669,41000
2025-11-12 11:23:59,9,B+1.0,4.2613,41000
2025-11-12 11:24:03,13,B+1.0,4.2701,41000
2025-11-12 11:24:06,9,B+1.0,4.2575,41000
2025-11-12 11:24:12,19,B+1.0,4.2905,41000
2025-11-12 11:24:20,21,B+1.0,4.3117,41000
2025-11-12 11:24:26,19,B+1.0,4.3496,41000
2025-11-12 11:24:29,11,B+1.0,4.3455,41000
2025-11-12 11:24:32,12,W+1.0,4.349,41000
2025-11-12 11:24:36,9,B+1.0,4.345,41000
2025-11-12 11:24:41,19,B+1.0,4.3402,41000
2025-11-12 11:24:46,15,B+1.0,4.361,41000
2025-11-12 11:24:49,9,B+1.0,4.3563,41000
2025-11-12 11:24:54,15,B+1.0,4.3767,41000
2025-11-12 11:24:58,11,B+1.0,4.3901,41000
2025-11-12 11:25:06,20,W+1.0,4.4087,41000
2025-11-12 11:25:09,9,B+1.0,4.3756,41000
2025-11-12 11:25:11,9,B+1.0,4.3611,41000
2025-11-12 11:25:15,9,B+1.0,4.3469,41000
2025-11-12 11:25:20,11,B+1.0,4.3645,41000
2025-11-12 11:25:23,11,B+1.0,4.3671,41000
2025-11-12 11:25:26,9,B+1.0,4.3247,41000
2025-11-12 11:25:32,18,W+1.0,4.3565,41000
2025-11-12 11:25:36,11,B+1.0,4.3262,41000
2025-11-12 11:25:42,18,W+1.0,4.3551,41000
2025-11-12 11:25:45,9,B+1.0,4.3446,41000
2025-11-12 11:25:48,13,B+1.0,4.3409,41000
2025-11-12 11:25:51,9,B+1.0,4.3094,41000
2025-11-12 11:25:56,15,B+1.0,4.3293,41000
2025-11-12 11:26:01,15,B+1.0,4.3425,41000
2025-11-12 11:26:07,13,B+1.0,4.3058,41000
2025-11-12 11:26:11,11,B+1.0,4.3243,41000
2025-11-12 11:26:15,9,B+1.0,4.3342,41000
2025-11-12 11:26:20,16,W+1.0,4.3594,41000
2025-11-12 11:26:24,9,B+1.0,4.3675,41000
2025-11-12 11:26:29,13,B+1.0,4.369,41000
2025-11-12 11:26:31,9,B+1.0,4.3632,41000
2025-11-12 11:26:39,28,W+1.0,4.4155,41000
2025-11-12 11:26:44,17,B+1.0,4.4273,41000
2025-11-12 11:26:47,9,B+1.0,4.4072,41000
2025-11-12 11:26:51,12,W+1.0,4.4188,41000
2025-11-12 11:26:56,13,B+1.0,4.4096,41000
2025-11-12 11:27:01,13,B+1.0,4.3914,41000
2025-11-12 11:27:05,11,B+1.0,4.3665,41000
2025-11-12 11:27:13,19,B+1.0,4.4229,41000
2025-11-12 11:27:17,13,B+1.0,4.4263,41000
2025-11-12 11:27:21,14,W+1.0,4.4104,41000
2025-11-12 11:27:25,11,B+1.0,4.4097,41000
2025-11-12 11:27:29,14,W+1.0,4.4233,41000
2025-11-12 11:27:33,13,B+1.0,4.4258,41000
2025-11-12 11:27:39,18,W+1.0,4.4413,41000
2025-11-12 11:27:44,13,B+1.0,4.4618,41000
2025-11-12 11:27:49,15,B+1.0,4.4796,41000
2025-11-12 11:27:55,17,B+1.0,4.5049,41000
2025-11-12 11:28:00,15,B+1.0,4.5295,41000
2025-11-12 11:28:04,11,B+1.0,4.5061,41000
2025-11-12 11:28:06,9,B+1.0,4.5039,41000
2025-11-12 11:28:10,11,B+1.0,4.4992,41000
2025-11-12 11:28:12,9,B+1.0,4.4395,41000
2025-11-12 11:28:15,9,B+1.0,4.4438,41000
2025-11-12 11:28:20,13,B+1.0,4.4542,41000
2025-11-12 11:28:24,11,B+1.0,4.4547,41000
2025-11-12 11:28:26,9,B+1.0,4.4446,41000
2025-11-12 11:28:29,9,B+1.0,4.4398,41000
2025-11-12 11:28:32,9,B+1.0,4.4398,41000
2025-11-12 11:28:36,11,B+1.0,4.4511,41000
2025-11-12 11:28:41,13,B+1.0,4.4517,41000
2025-11-12 11:28:44,9,B+1.0,4.4264,41000
2025-11-12 11:28:48,14,W+1.0,4.4337,41000
2025-11-12 11:28:51,9,B+1.0,4.4054,41000
2025-11-12 11:28:53,9,B+1.0,4.3952,41000
2025-11-12 11:28:59,19,B+1.0,4.4107,41000
2025-11-12 11:29:02,11,B+1.0,4.3436,41000
2025-11-12 11:29:05,9,B+1.0,4.3404,41000
2025-11-12 11:29:08,9,B+1.0,4.3302,41000
2025-11-12 11:29:12,11,B+1.0,4.3413,41000
2025-11-12 11:29:17,18,W+1.0,4.3376,41000
2025-11-12 11:29:21,12,W+1.0,4.3394,41000
2025-11-12 11:29:27,21,B+1.0,4.3479,41000
2025-11-12 11:29:30,9,B+1.0,4.3215,41000
2025-11-12 11:29:35,16,W+1.0,4.3268,41000
2025-11-12 11:29:43,25,B+1.0,4.3117,41000
2025-11-12 11:29:45,9,B+1.0,4.3019,41000
2025-11-12 11:29:49,11,B+1.0,4.2992,41000
2025-11-12 11:29:51,9,B+1.0,4.2972,41000
2025-11-12 11:29:55,15,B+1.0,4.3144,41000
2025-11-12 11:30:00,11,B+1.0,4.2732,41000
2025-11-12 11:30:06,20,W+1.0,4.3083,41000
2025-11-12 11:30:12,17,B+1.0,4.3375,41000
2025-11-12 11:30:15,9,B+1.0,4.3245,41000
2025-11-12 11:30:20,15,B+1.0,4.3232,41000
2025-11-12 11:30:23,11,B+1.0,4.3106,41000
2025-11-12 11:30:25,9,B+1.0,4.2862,41000
2025-11-12 11:30:30,13,B+1.0,4.2896,41000
2025-11-12 11:30:34,13,B+1.0,4.2979,41000
2025-11-12 11:30:38,9,B+1.0,4.2746,41000
2025-11-12 11:30:41,9,B+1.0,4.2606,41000
2025-11-12 11:30:44,9,B+1.0,4.1705,41000
2025-11-12 11:30:47,11,B+1.0,4.1754,41000
2025-11-12 11:30:52,14,W+1.0,4.1964,41000
2025-11-12 11:30:56,11,B+1.0,4.1954,41000
2025-11-12 11:31:00,11,B+1.0,4.2026,41000
2025-11-12 11:31:05,14,W+1.0,4.2213,41000
2025-11-12 11:31:11,19,B+1.0,4.2454,41000
2025-11-12 11:31:23,47,B+1.0,4.3082,41000
2025-11-12 11:31:28,13,B+1.0,4.2809,41000
2025-11-12 11:31:30,9,B+1.0,4.2451,41000
2025-11-12 11:31:33,9,B+1.0,4.2372,41000
2025-11-12 11:31:38,21,B+1.0,4.2612,41000
2025-11-12 11:31:42,9,B+1.0,4.2593,41000
2025-11-12 11:31:46,13,B+1.0,4.2487,41000
2025-11-12 11:31:49,9,B+1.0,4.2335,41000
2025-11-12 11:31:52,11,B+1.0,4.2351,41000
2025-11-12 11:31:59,23,B+1.0,4.2565,41000
2025-11-12 11:32:06,25,B+1.0,4.2864,41000
2025-11-12 11:32:10,13,B+1.0,4.2441,41000
2025-11-12 11:32:15,15,B+1.0,4.2638,41000
2025-11-12 11:32:20,17,B+1.0,4.2884,41000
2025-11-12 11:32:25,16,W+1.0,4.2974,41000
2025-11-12 11:32:30,17,B+1.0,4.2988,41000
2025-11-12 11:32:33,9,B+1.0,4.2985,41000
2025-11-12 11:32:36,11,B+1.0,4.3038,41000
2025-11-12 11:32:41,15,B+1.0,4.2859,41000
2025-11-12 11:32:43,11,B+1.0,4.2731,41000
2025-11-12 11:32:46,11,B+1.0,4.2381,41000
2025-11-12 11:32:52,20,W+1.0,4.2659,41000
2025-11-12 11:32:54,9,B+1.0,4.2556,41000
2025-11-12 11:32:58,13,B+1.0,4.2699,41000
2025-11-12 11:33:01,11,B+1.0,4.2422,41000
2025-11-12 11:33:04,11,B+1.0,4.2286,41000
2025-11-12 11:33:09,14,W+1.0,4.2153,41000
2025-11-12 11:33:11,9,B+1.0,4.1963,41000
2025-11-12 11:33:14,11,B+1.0,4.1903,41000
2025-11-12 11:33:18,11,B+1.0,4.1701,41000
2025-11-12 11:33:24,19,B+1.0,4.2015,41000
2025-11-12 11:33:28,11,B+1.0,4.1882,41000
2025-11-12 11:33:34,17,B+1.0,4.2292,41000
2025-11-12 11:33:37,9,B+1.0,4.1752,41000
2025-11-12 11:33:40,9,B+1.0,4.1525,41000
2025-11-12 11:33:43,11,B+1.0,4.161,41000
2025-11-12 11:33:46,9,B+1.0,4.1476,41000
2025-11-12 11:33:50,13,B+1.0,4.1429,41000
2025-11-12 11:33:53,9,B+1.0,4.119,41000
2025-11-12 11:33:56,9,B+1.0,4.1082,41000
2025-11-12 11:34:01,16,W+1.0,4.0768,41000
2025-11-12 11:34:04,11,B+1.0,4.0666,41000
2025-11-12 11:34:07,9,B+1.0,4.0521,41000
2025-11-12 11:34:12,13,B+1.0,4.069,41000
2025-11-12 11:34:15,11,B+1.0,4.059,41000
2025-11-12 11:34:22,17,B+1.0,4.0834,41000
2025-11-12 11:34:24,9,B+1.0,4.0429,41000
2025-11-12 11:34:29,15,B+1.0,4.0419,41000
2025-11-12 11:34:33,11,B+1.0,4.034,41000
2025-11-12 11:34:36,11,B+1.0,4.0041,41000
2025-11-12 11:34:39,11,B+1.0,3.9907,41000
2025-11-12 11:34:43,9,B+1.0,3.9867,41000
2025-11-12 11:34:47,17,B+1.0,4.0106,41000
2025-11-12 11:34:50,9,B+1.0,4.0051,41000
2025-11-12 11:34:54,11,B+1.0,4.0115,41000
2025-11-12 11:34:57,12,W+1.0,4.0158,41000
2025-11-12 11:35:02,15,B+1.0,4.0157,41000
2025-11-12 11:35:10,20,W+1.0,4.0594,41000
2025-11-12 11:35:15,15,B+1.0,4.082,41000
2025-11-12 11:35:18,9,B+1.0,4.0846,41000
2025-11-12 11:35:23,17,B+1.0,4.1034,41000
2025-11-12 11:35:25,9,B+1.0,4.0927,41000
2025-11-12 11:35:28,9,B+1.0,4.0693,41000
2025-11-12 11:35:32,12,W+1.0,4.0799,41000
2025-11-12 11:35:40,27,B+1.0,4.1184,41000
2025-11-12 11:35:44,11,B+1.0,4.1263,41000
2025-11-12 11:35:50,17,B+1.0,4.1625,41000
2025-11-12 11:35:52,9,B+1.0,4.1344,41000
2025-11-12 11:35:55,9,B+1.0,4.1248,41000
2025-11-12 11:35:58,11,B+1.0,4.1237,41000
2025-11-12 11:36:01,11,B+1.0,4.1371,41000
2025-11-12 11:36:08,23,B+1.0,4.1595,41000
2025-11-12 11:36:10,10,W+1.0,4.1333,41000
2025-11-12 11:36:13,9,B+1.0,4.1257,41000
2025-11-12 11:36:16,9,B+1.0,4.0874,41000
2025-11-12 11:36:20,17,B+1.0,4.1057,41000
2025-11-12 11:36:23,9,B+1.0,4.0788,41000
2025-11-12 11:36:27,11,B+1.0,4.0449,41000
2025-11-12 11:36:30,9,B+1.0,4.0447,41000
2025-11-12 11:36:34,11,B+1.0,4.0478,41000
2025-11-12 11:36:37,9,B+1.0,4.0543,41000
2025-11-12 11:36:40,9,B+1.0,4.0464,41000
2025-11-12 11:37:37,21,B+1.0,4.0552,42000
2025-11-12 11:37:44,20,W+1.0,4.0616,42000
2025-11-12 11:37:47,9,B+1.0,4.0628,42000
2025-11-12 11:37:50,9,B+1.0,4.0498,42000
2025-11-12 11:37:54,11,B+1.0,4.0601,42000
2025-11-12 11:38:00,21,B+1.0,4.0916,42000
2025-11-12 11:38:02,9,B+1.0,4.0721,42000
2025-11-12 11:38:07,16,W+1.0,4.0758,42000
2025-11-12 11:38:10,9,B+1.0,4.0671,42000
2025-11-12 11:38:13,9,B+1.0,4.0702,42000
2025-11-12 11:38:20,25,B+1.0,4.1167,42000
2025-11-12 11:38:26,17,B+1.0,4.1396,42000
2025-11-12 11:38:30,11,B+1.0,4.1263,42000
2025-11-12 11:38:36,15,B+1.0,4.1399,42000
2025-11-12 11:38:40,13,B+1.0,4.1519,42000
2025-11-12 11:38:44,9,B+1.0,4.1284,42000
2025-11-12 11:38:47,11,B+1.0,4.1104,42000
2025-11-12 11:38:52,13,B+1.0,4.0341,42000
2025-11-12 11:38:55,9,B+1.0,4.018,42000
2025-11-12 11:38:58,9,B+1.0,4.0209,42000
2025-11-12 11:39:03,17,B+1.0,4.0467,42000
2025-11-12 11:39:07,11,B+1.0,4.036,42000
2025-11-12 11:39:11,16,W+1.0,4.0367,42000
2025-11-12 11:39:16,20,W+1.0,4.0416,42000
2025-11-12 11:39:20,16,W+1.0,4.0493,42000
2025-11-12 11:39:23,11,B+1.0,4.056,42000
2025-11-12 11:39:29,18,W+1.0,4.0471,42000
2025-11-12 11:39:34,16,W+1.0,4.0225,42000
2025-11-12 11:39:39,17,B+1.0,4.035,42000
2025-11-12 11:39:42,9,B+1.0,4.0151,42000
2025-11-12 11:39:45,9,B+1.0,3.9926,42000
2025-11-12 11:39:49,13,B+1.0,3.9857,42000
2025-11-12 11:39:51,9,B+1.0,3.9611,42000
2025-11-12 11:39:54,12,W+1.0,3.96,42000
2025-11-12 11:39:59,16,W+1.0,3.9691,42000
2025-11-12 11:40:02,13,B+1.0,3.9621,42000
2025-11-12 11:40:06,11,B+1.0,3.9725,42000
2025-11-12 11:40:09,13,B+1.0,3.9767,42000
2025-11-12 11:40:12,9,B+1.0,3.951,42000
2025-11-12 11:40:16,11,B+1.0,3.9642,42000
2025-11-12 11:40:21,19,B+1.0,3.9718,42000
2025-11-12 11:40:24,9,B+1.0,3.9758,42000
2025-11-12 11:40:29,14,W+1.0,3.9912,42000
2025-11-12 11:40:34,13,B+1.0,4.0028,42000
2025-11-12 11:40:38,15,B+1.0,4.0174,42000
2025-11-12 11:40:42,13,B+1.0,4.0294,42000
2025-11-12 11:40:48,19,B+1.0,4.0525,42000
2025-11-12 11:40:53,13,B+1.0,4.0278,42000
2025-11-12 11:40:56,9,B+1.0,4.0295,42000
2025-11-12 11:41:02,20,W+1.0,4.0205,42000
2025-11-12 11:41:06,11,B+1.0,4.0344,42000
2025-11-12 11:41:11,15,B+1.0,4.0642,42000
2025-11-12 11:41:15,11,B+1.0,4.0616,42000
2025-11-12 11:41:18,13,B+1.0,4.0651,42000
2025-11-12 11:41:23,14,W+1.0,4.0741,42000
2025-11-12 11:41:28,16,W+1.0,4.1013,42000
2025-11-12 11:41:32,9,B+1.0,4.1115,42000
2025-11-12 11:41:35,9,B+1.0,4.0875,42000
2025-11-12 11:41:40,19,B+1.0,4.1031,42000
2025-11-12 11:41:44,16,W+1.0,4.1197,42000
2025-11-12 11:41:48,12,W+1.0,4.1117,42000
2025-11-12 11:41:54,19,B+1.0,4.1377,42000
2025-11-12 11:41:57,14,W+1.0,4.0993,42000
2025-11-12 11:41:59,9,B+1.0,4.0996,42000
2025-11-12 11:42:05,17,B+1.0,4.1138,42000
2025-11-12 11:42:08,11,B+1.0,4.1017,42000
2025-11-12 11:42:12,13,B+1.0,4.1082,42000
2025-11-12 11:42:16,11,B+1.0,4.1137,42000
2025-11-12 11:42:20,13,B+1.0,4.1194,42000
2025-11-12 11:42:24,9,B+1.0,4.1085,42000
2025-11-12 11:42:31,23,B+1.0,4.1524,42000
2025-11-12 11:42:33,9,B+1.0,4.1447,42000
2025-11-12 11:42:39,20,W+1.0,4.1615,42000
2025-11-12 11:42:46,17,B+1.0,4.1801,42000
2025-11-12 11:42:49,9,B+1.0,4.1393,42000
2025-11-12 11:42:52,11,B+1.0,4.1242,42000
2025-11-12 11:42:57,17,B+1.0,4.1416,42000
2025-11-12 11:43:03,19,B+1.0,4.1514,42000
2025-11-12 11:43:06,9,B+1.0,4.1535,42000
2025-11-12 11:43:09,9,B+1.0,4.1592,42000
2025-11-12 11:43:12,9,B+1.0,4.1451,42000
2025-11-12 11:43:14,9,B+1.0,4.0853,42000
2025-11-12 11:43:17,9,B+1.0,4.0771,42000
2025-11-12 11:43:23,18,W+1.0,4.0788,42000
2025-11-12 11:43:25,11,B+1.0,4.0789,42000
2025-11-12 11:43:30,15,B+1.0,4.0998,42000
2025-11-12 11:43:35,13,B+1.0,4.124,42000
2025-11-12 11:43:38,9,B+1.0,4.115,42000
2025-11-12 11:43:41,9,B+1.0,4.0791,42000
2025-11-12 11:43:43,9,B+1.0,4.0781,42000
2025-11-12 11:43:46,9,B+1.0,4.0732,42000
2025-11-12 11:43:52,18,W+1.0,4.1055,42000
2025-11-12 11:43:55,11,B+1.0,4.0888,42000
2025-11-12 11:43:57,9,B+1.0,4.0883,42000
2025-11-12 11:44:01,14,W+1.0,4.0856,42000
2025-11-12 11:44:04,11,B+1.0,4.0914,42000
2025-11-12 11:44:09,13,B+1.0,4.0951,42000
2025-11-12 11:44:11,9,B+1.0,4.09,42000
2025-11-12 11:44:14,14,W+1.0,4.0906,42000
2025-11-12 11:44:17,9,B+1.0,4.0577,42000
2025-11-12 11:44:21,11,B+1.0,4.0371,42000
2025-11-12 11:44:24,9,B+1.0,3.9991,42000
2025-11-12 11:44:28,9,B+1.0,4.0091,42000
2025-11-12 11:44:31,11,B+1.0,4.0134,42000
2025-11-12 11:44:36,17,B+1.0,4.0134,42000
2025-11-12 11:44:39,10,W+1.0,3.9853,42000
2025-11-12 11:44:43,13,B+1.0,4.006,42000
2025-11-12 11:44:47,15,B+1.0,3.9926,42000
2025-11-12 11:44:52,17,B+1.0,4.0187,42000
2025-11-12 11:45:01,28,W+1.0,4.0731,42000
2025-11-12 11:45:07,20,W+1.0,4.0597,42000
2025-11-12 11:45:10,9,B+1.0,4.0321,42000
2025-11-12 11:45:13,9,B+1.0,4.0223,42000
2025-11-12 11:45:18,13,B+1.0,4.0189,42000
2025-11-12 11:45:23,13,B+1.0,4.02,42000
2025-11-12 11:45:26,11,B+1.0,4.0194,42000
2025-11-12 11:45:29,11,B+1.0,4.0193,42000
2025-11-12 11:45:34,14,W+1.0,4.0223,42000
2025-11-12 11:45:36,9,B+1.0,4.0129,42000
2025-11-12 11:45:46,27,B+1.0,4.0791,42000
2025-11-12 11:45:52,18,W+1.0,4.0831,42000
2025-11-12 11:45:55,9,B+1.0,4.0718,42000
2025-11-12 11:45:58,11,B+1.0,4.0707,42000
2025-11-12 11:46:04,19,B+1.0,4.078,42000
2025-11-12 11:46:07,9,B+1.0,4.0716,42000
2025-11-12 11:46:10,9,B+1.0,4.0642,42000
2025-11-12 11:46:17,25,B+1.0,4.0788,42000
2025-11-12 11:46:20,9,B+1.0,4.0621,42000
2025-11-12 11:46:26,14,W+1.0,4.0664,42000
2025-11-12 11:46:29,11,B+1.0,4.065,42000
2025-11-12 11:46:34,15,B+1.0,4.084,42000
2025-11-12 11:46:36,9,B+1.0,4.0751,42000
2025-11-12 11:46:39,9,B+1.0,4.0792,42000
2025-11-12 11:46:42,9,B+1.0,4.0756,42000
2025-11-12 11:46:47,19,B+1.0,4.086,42000
2025-11-12 11:46:53,15,B+1.0,4.1033,42000
2025-11-12 11:46:56,11,B+1.0,4.1072,42000
2025-11-12 11:47:00,11,B+1.0,4.1027,42000
2025-11-12 11:47:04,13,B+1.0,4.1189,42000
2025-11-12 11:47:07,9,B+1.0,4.1081,42000
2025-11-12 11:47:10,11,B+1.0,4.0938,42000
2025-11-12 11:47:15,14,W+1.0,4.1092,42000
2025-11-12 11:47:18,10,W+1.0,4.0929,42000
2025-11-12 11:47:22,12,W+1.0,4.0816,42000
2025-11-12 11:47:26,11,B+1.0,4.0752,42000
2025-11-12 11:47:29,9,B+1.0,4.0613,42000
2025-11-12 11:47:35,22,W+1.0,4.0639,42000
2025-11-12 11:47:39,13,B+1.0,4.0651,42000
2025-11-12 11:47:43,11,B+1.0,4.0687,42000
2025-11-12 11:47:47,14,W+1.0,4.0524,42000
2025-11-12 11:47:52,22,W+1.0,4.0646,42000
2025-11-12 11:47:56,15,B+1.0,4.0482,42000
2025-11-12 11:48:00,12,W+1.0,4.0475,42000
2025-11-12 11:48:03,9,B+1.0,4.0451,42000
2025-11-12 11:48:08,15,B+1.0,4.0518,42000
2025-11-12 11:48:18,31,B+1.0,4.0953,42000
2025-11-12 11:48:21,10,W+1.0,4.0854,42000
2025-11-12 11:48:26,15,B+1.0,4.1152,42000
2025-11-12 11:48:33,23,B+1.0,4.1309,42000
2025-11-12 11:48:36,11,B+1.0,4.1184,42000
2025-11-12 11:48:40,9,B+1.0,4.112,42000
2025-11-12 11:48:42,9,B+1.0,4.078,42000
2025-11-12 11:48:46,14,W+1.0,4.0938,42000
2025-11-12 11:48:49,9,B+1.0,4.1005,42000
2025-11-12 11:49:02,31,B+1.0,4.1625,42000
2025-11-12 11:49:07,15,B+1.0,4.1843,42000
2025-11-12 11:49:09,12,W+1.0,4.1723,42000
2025-11-12 11:49:12,9,B+1.0,4.1574,42000
2025-11-12 11:49:15,9,B+1.0,4.1496,42000
2025-11-12 11:49:19,11,B+1.0,4.1493,42000
2025-11-12 11:49:24,17,B+1.0,4.132,42000
2025-11-12 11:49:30,15,B+1.0,4.1628,42000
2025-11-12 11:49:33,9,B+1.0,4.1454,42000
2025-11-12 11:49:38,15,B+1.0,4.1259,42000
2025-11-12 11:49:43,16,W+1.0,4.1422,42000
2025-11-12 11:49:46,9,B+1.0,4.1356,42000
2025-11-12 11:49:49,9,B+1.0,4.1171,42000
2025-11-12 11:49:54,15,B+1.0,4.1055,42000
2025-11-12 11:49:59,17,B+1.0,4.1286,42000
2025-11-12 11:50:03,12,W+1.0,4.1428,42000
2025-11-12 11:50:09,16,W+1.0,4.1738,42000
2025-11-12 11:50:17,27,B+1.0,4.2208,42000
2025-11-12 11:50:22,22,W+1.0,4.253,42000
2025-11-12 11:50:26,10,W+1.0,4.2275,42000
2025-11-12 11:50:29,11,B+1.0,4.2383,42000
2025-11-12 11:50:33,11,B+1.0,4.2223,42000
2025-11-12 11:50:39,21,B+1.0,4.2353,42000
2025-11-12 11:50:44,12,W+1.0,4.2537,42000
2025-11-12 11:50:47,9,B+1.0,4.2607,42000
2025-11-12 11:50:50,9,B+1.0,4.2668,42000
2025-11-12 11:50:53,11,B+1.0,4.2716,42000
2025-11-12 11:50:58,17,B+1.0,4.2659,42000
2025-11-12 11:51:05,19,B+1.0,4.2974,42000
2025-11-12 11:51:07,9,B+1.0,4.2987,42000
2025-11-12 11:51:12,15,B+1.0,4.303,42000
2025-11-12 11:51:16,11,B+1.0,4.3105,42000
2025-11-12 11:51:20,13,B+1.0,4.3093,42000
2025-11-12 11:51:25,16,W+1.0,4.3395,42000
2025-11-12 11:51:30,15,B+1.0,4.3504,42000
2025-11-12 11:51:35,18,W+1.0,4.3807,42000
2025-11-12 11:52:25,13,B+1.0,4.398,43000
2025-11-12 11:52:31,15,B+1.0,4.4161,43000
2025-11-12 11:52:34,9,B+1.0,4.4066,43000
2025-11-12 11:52:39,17,B+1.0,4.4149,43000
2025-11-12 11:52:45,17,B+1.0,4.4436,43000
2025-11-12 11:52:48,9,B+1.0,4.4334,43000
2025-11-12 11:52:53,18,W+1.0,4.4459,43000
2025-11-12 11:52:56,11,B+1.0,4.421,43000
2025-11-12 11:52:58,11,B+1.0,4.3597,43000
2025-11-12 11:53:04,23,B+1.0,4.3607,43000
2025-11-12 11:53:07,9,B+1.0,4.353,43000
2025-11-12 11:53:13,19,B+1.0,4.3844,43000
2025-11-12 11:53:15,9,B+1.0,4.3565,43000
2025-11-12 11:53:21,19,B+1.0,4.3712,43000
2025-11-12 11:53:24,9,B+1.0,4.3608,43000
2025-11-12 11:53:27,16,W+1.0,4.3602,43000
2025-11-12 11:53:30,11,B+1.0,4.3455,43000
2025-11-12 11:53:34,9,B+1.0,4.3597,43000
2025-11-12 11:53:39,15,B+1.0,4.3139,43000
2025-11-12 11:53:43,13,B+1.0,4.2971,43000
2025-11-12 11:53:49,16,W+1.0,4.3225,43000
2025-11-12 11:53:56,18,W+1.0,4.3593,43000
2025-11-12 11:54:00,13,B+1.0,4.3417,43000
2025-11-12 11:54:04,11,B+1.0,4.3492,43000
2025-11-12 11:54:07,11,B+1.0,4.3496,43000
2025-11-12 11:54:11,11,B+1.0,4.3142,43000
2025-11-12 11:54:16,27,B+1.0,4.3349,43000
2025-11-12 11:54:18,9,B+1.0,4.3052,43000
2025-11-12 11:54:23,21,B+1.0,4.3251,43000
2025-11-12 11:54:26,12,W+1.0,4.3123,43000
2025-11-12 11:54:30,13,B+1.0,4.3242,43000
2025-11-12 11:54:34,13,B+1.0,4.3278,43000
2025-11-12 11:54:37,12,W+1.0,4.3301,43000
2025-11-12 11:54:41,12,W+1.0,4.3176,43000
2025-11-12 11:54:43,11,B+1.0,4.289,43000
2025-11-12 11:54:46,9,B+1.0,4.2782,43000
2025-11-12 11:54:49,14,W+1.0,4.2788,43000
2025-11-12 11:54:52,11,B+1.0,4.2674,43000
2025-11-12 11:54:55,11,B+1.0,4.2691,43000
2025-11-12 11:54:58,12,W+1.0,4.2653,43000
2025-11-12 11:55:08,35,B+1.0,4.316,43000
2025-11-12 11:55:14,18,W+1.0,4.3407,43000
2025-11-12 11:55:21,17,B+1.0,4.3642,43000
2025-11-12 11:55:23,9,B+1.0,4.3582,43000
2025-11-12 11:55:26,11,B+1.0,4.3546,43000
2025-11-12 11:55:28,9,B+1.0,4.3182,43000
2025-11-12 11:55:31,9,B+1.0,4.3012,43000
2025-11-12 11:55:35,11,B+1.0,4.3013,43000
2025-11-12 11:55:39,11,B+1.0,4.3021,43000
2025-11-12 11:55:44,18,W+1.0,4.3005,43000
2025-11-12 11:55:48,11,B+1.0,4.2985,43000
2025-11-12 11:55:52,10,W+1.0,4.3032,43000
2025-11-12 11:55:56,9,B+1.0,4.3117,43000
2025-11-12 11:56:00,20,W+1.0,4.3018,43000
2025-11-12 11:56:02,9,B+1.0,4.2268,43000
2025-11-12 11:56:06,14,W+1.0,4.2366,43000
2025-11-12 11:56:12,27,B+1.0,4.2442,43000
2025-11-12 11:56:19,20,W+1.0,4.2432,43000
2025-11-12 11:56:23,11,B+1.0,4.2523,43000
2025-11-12 11:56:27,14,W+1.0,4.2586,43000
2025-11-12 11:56:33,15,B+1.0,4.2979,43000
2025-11-12 11:56:39,15,B+1.0,4.3095,43000
2025-11-12 11:56:43,14,W+1.0,4.3185,43000
2025-11-12 11:56:46,12,W+1.0,4.2299,43000
2025-11-12 11:56:49,10,W+1.0,4.2101,43000
2025-11-12 11:56:57,28,W+1.0,4.2549,43000
2025-11-12 11:57:03,20,W+1.0,4.297,43000
2025-11-12 11:57:10,19,B+1.0,4.3359,43000
2025-11-12 11:57:12,9,B+1.0,4.3199,43000
2025-11-12 11:57:17,17,B+1.0,4.3048,43000
2025-11-12 11:57:19,9,B+1.0,4.2775,43000
2025-11-12 11:57:23,15,B+1.0,4.2837,43000
2025-11-12 11:57:28,16,W+1.0,4.2813,43000
2025-11-12 11:57:31,11,B+1.0,4.2634,43000
2025-11-12 11:57:34,9,B+1.0,4.2618,43000
2025-11-12 11:57:38,9,B+1.0,4.2681,43000
2025-11-12 11:57:43,18,W+1.0,4.2749,43000
2025-11-12 11:57:49,20,W+1.0,4.2818,43000
2025-11-12 11:57:54,14,W+1.0,4.2849,43000
2025-11-12 11:57:58,17,B+1.0,4.2715,43000
2025-11-12 11:58:02,12,W+1.0,4.2334,43000
2025-11-12 11:58:05,11,B+1.0,4.2081,43000
2025-11-12 11:58:08,9,B+1.0,4.2032,43000
2025-11-12 11:58:12,12,W+1.0,4.2079,43000
2025-11-12 11:58:16,11,B+1.0,4.2118,43000
2025-11-12 11:58:19,11,B+1.0,4.1792,43000
2025-11-12 11:58:27,26,W+1.0,4.2166,43000
2025-11-12 11:58:30,9,B+1.0,4.2139,43000
2025-11-12 11:58:35,11,B+1.0,4.2308,43000
2025-11-12 11:58:39,14,W+1.0,4.2435,43000
2025-11-12 11:58:44,15,B+1.0,4.2396,43000
2025-11-12 11:58:47,9,B+1.0,4.2036,43000
2025-11-12 11:58:49,9,B+1.0,4.2007,43000
2025-11-12 11:58:52,11,B+1.0,4.1913,43000
2025-11-12 11:58:55,9,B+1.0,4.1734,43000
2025-11-12 11:59:00,18,W+1.0,4.188,43000
2025-11-12 11:59:03,9,B+1.0,4.1594,43000
2025-11-12 11:59:08,16,W+1.0,4.1663,43000
2025-11-12 11:59:13,17,B+1.0,4.1649,43000
2025-11-12 11:59:17,13,B+1.0,4.154,43000
2025-11-12 11:59:25,25,B+1.0,4.1986,43000
2025-11-12 11:59:32,17,B+1.0,4.2035,43000
2025-11-12 11:59:36,11,B+1.0,4.2176,43000
2025-11-12 11:59:39,9,B+1.0,4.1976,43000
2025-11-12 11:59:45,16,W+1.0,4.1974,43000
2025-11-12 11:59:50,17,B+1.0,4.2211,43000
2025-11-12 11:59:56,18,W+1.0,4.2252,43000
2025-11-12 11:59:59,11,B+1.0,4.234,43000
2025-11-12 12:00:04,15,B+1.0,4.2597,43000
2025-11-12 12:00:09,11,B+1.0,4.247,43000
2025-11-12 12:00:17,23,B+1.0,4.2957,43000
2025-11-12 12:00:21,14,W+1.0,4.2847,43000
2025-11-12 12:00:25,11,B+1.0,4.2976,43000
2025-11-12 12:00:32,22,W+1.0,4.3062,43000
2025-11-12 12:00:36,9,B+1.0,4.3181,43000
2025-11-12 12:00:40,14,W+1.0,4.3277,43000
2025-11-12 12:00:45,14,W+1.0,4.3447,43000
2025-11-12 12:00:52,19,B+1.0,4.3751,43000
2025-11-12 12:00:55,11,B+1.0,4.3612,43000
2025-11-12 12:00:58,9,B+1.0,4.3508,43000
2025-11-12 12:01:03,14,W+1.0,4.3375,43000
2025-11-12 12:01:07,12,W+1.0,4.3099,43000
2025-11-12 12:01:09,10,W+1.0,4.2925,43000
2025-11-12 12:01:13,10,W+1.0,4.2939,43000
2025-11-12 12:01:21,26,W+1.0,4.3396,43000
2025-11-12 12:01:25,14,W+1.0,4.3402,43000
2025-11-12 12:01:28,9,B+1.0,4.3204,43000
2025-11-12 12:01:31,9,B+1.0,4.3307,43000
2025-11-12 12:01:34,9,B+1.0,4.3081,43000
2025-11-12 12:01:37,9,B+1.0,4.3001,43000
2025-11-12 12:01:42,16,W+1.0,4.3109,43000
2025-11-12 12:01:45,10,W+1.0,4.3068,43000
2025-11-12 12:01:49,17,B+1.0,4.3252,43000
2025-11-12 12:01:55,19,B+1.0,4.3406,43000
2025-11-12 12:01:58,9,B+1.0,4.3413,43000
2025-11-12 12:02:00,12,W+1.0,4.3414,43000
2025-11-12 12:02:07,21,B+1.0,4.3769,43000
2025-11-12 12:02:11,12,W+1.0,4.3883,43000
2025-11-12 12:02:15,14,W+1.0,4.3979,43000
2025-11-12 12:02:20,14,W+1.0,4.4102,43000
2025-11-12 12:02:23,11,B+1.0,4.3422,43000
2025-11-12 12:02:25,11,B+1.0,4.3104,43000
2025-11-12 12:02:29,13,B+1.0,4.2838,43000
2025-11-12 12:02:33,11,B+1.0,4.2915,43000
2025-11-12 12:02:39,19,B+1.0,4.3342,43000
2025-11-12 12:02:44,13,B+1.0,4.3509,43000
2025-11-12 12:02:48,17,B+1.0,4.3702,43000
2025-11-12 12:02:52,13,B+1.0,4.3706,43000
2025-11-12 12:02:55,11,B+1.0,4.3623,43000
2025-11-12 12:03:00,12,W+1.0,4.3525,43000
2025-11-12 12:03:07,19,B+1.0,4.3929,43000
2025-11-12 12:03:10,9,B+1.0,4.382,43000
2025-11-12 12:03:14,11,B+1.0,4.3826,43000
2025-11-12 12:03:18,11,B+1.0,4.3773,43000
2025-11-12 12:03:23,12,W+1.0,4.3984,43000
2025-11-12 12:03:26,13,B+1.0,4.393,43000
2025-11-12 12:03:30,11,B+1.0,4.3719,43000
2025-11-12 12:03:34,11,B+1.0,4.3446,43000
2025-11-12 12:03:36,9,B+1.0,4.3319,43000
2025-11-12 12:03:40,14,W+1.0,4.33,43000
2025-11-12 12:03:44,11,B+1.0,4.3028,43000
2025-11-12 12:03:47,9,B+1.0,4.2762,43000
2025-11-12 12:03:51,13,B+1.0,4.2785,43000
2025-11-12 12:03:54,9,B+1.0,4.2694,43000
2025-11-12 12:04:00,22,W+1.0,4.3005,43000
2025-11-12 12:04:03,9,B+1.0,4.2622,43000
2025-11-12 12:04:06,11,B+1.0,4.2274,43000
2025-11-12 12:04:09,9,B+1.0,4.1846,43000
2025-11-12 12:04:12,10,W+1.0,4.1975,43000
2025-11-12 12:04:15,9,B+1.0,4.1828,43000
2025-11-12 12:04:21,18,W+1.0,4.2115,43000
2025-11-12 12:04:28,22,W+1.0,4.2466,43000
2025-11-12 12:04:31,9,B+1.0,4.2238,43000
2025-11-12 12:04:33,9,B+1.0,4.2181,43000
2025-11-12 12:04:37,9,B+1.0,4.224,43000
2025-11-12 12:04:43,17,B+1.0,4.2531,43000
2025-11-12 12:04:48,17,B+1.0,4.2487,43000
2025-11-12 12:04:55,25,B+1.0,4.2596,43000
2025-11-12 12:04:59,9,B+1.0,4.248,43000
2025-11-12 12:05:02,9,B+1.0,4.2318,43000
2025-11-12 12:05:04,9,B+1.0,4.2221,43000
2025-11-12 12:05:07,9,B+1.0,4.2166,43000
2025-11-12 12:05:16,29,B+1.0,4.2808,43000
2025-11-12 12:05:19,10,W+1.0,4.2719,43000
2025-11-12 12:05:23,11,B+1.0,4.2722,43000
2025-11-12 12:05:27,13,B+1.0,4.2828,43000
2025-11-12 12:05:32,15,B+1.0,4.2456,43000
2025-11-12 12:05:36,13,B+1.0,4.2576,43000
2025-11-12 12:05:40,11,B+1.0,4.2456,43000
2025-11-12 12:05:48,25,B+1.0,4.2813,43000
2025-11-12 12:05:53,13,B+1.0,4.2907,43000
2025-11-12 12:05:58,15,B+1.0,4.3077,43000
2025-11-12 12:06:02,11,B+1.0,4.3237,43000
2025-11-12 12:06:04,10,W+1.0,4.3177,43000
2025-11-12 12:06:10,13,B+1.0,4.349,43000
2025-11-12 12:06:12,9,B+1.0,4.3207,43000
2025-11-12 12:06:16,9,B+1.0,4.3266,43000
2025-11-12 12:06:20,12,W+1.0,4.3143,43000
2025-11-12 12:06:26,21,B+1.0,4.3285,43000
2025-11-12 12:06:36,37,B+1.0,4.3847,43000
2025-11-12 12:06:38,9,B+1.0,4.3276,43000
2025-11-12 12:06:42,12,W+1.0,4.3038,43000
2025-11-12 12:06:49,20,W+1.0,4.332,43000
2025-11-12 12:07:39,9,B+1.0,4.3337,44000
2025-11-12 12:07:42,9,B+1.0,4.3072,44000
2025-11-12 12:07:47,18,W+1.0,4.3037,44000
2025-11-12 12:07:50,11,B+1.0,4.3024,44000
2025-11-12 12:07:53,9,B+1.0,4.281,44000
2025-11-12 12:07:56,9,B+1.0,4.26,44000
2025-11-12 12:07:58,9,B+1.0,4.2102,44000
2025-11-12 12:08:02,9,B+1.0,4.1952,44000
2025-11-12 12:08:04,9,B+1.0,4.1856,44000
2025-11-12 12:08:07,9,B+1.0,4.1407,44000
2025-11-12 12:08:10,9,B+1.0,4.1352,44000
2025-11-12 12:08:13,9,B+1.0,4.1209,44000
2025-11-12 12:08:15,9,B+1.0,4.0943,44000
2025-11-12 12:08:20,14,W+1.0,4.0788,44000
2025-11-12 12:08:24,13,B+1.0,4.0787,44000
2025-11-12 12:08:27,12,W+1.0,4.0754,44000
2025-11-12 12:08:30,11,B+1.0,4.0617,44000
2025-11-12 12:08:32,9,B+1.0,4.0452,44000
2025-11-12 12:08:35,9,B+1.0,4.0471,44000
2025-11-12 12:08:39,14,W+1.0,4.0563,44000
2025-11-12 12:08:42,9,B+1.0,4.0055,44000
2025-11-12 12:08:46,13,B+1.0,4.0042,44000
2025-11-12 12:08:49,11,B+1.0,4.0083,44000
2025-11-12 12:08:54,13,B+1.0,4.0193,44000
2025-11-12 12:08:57,9,B+1.0,4.0268,44000
2025-11-12 12:09:01,9,B+1.0,4.0353,44000
2025-11-12 12:09:07,23,B+1.0,4.0482,44000
2025-11-12 12:09:09,9,B+1.0,4.04,44000
2025-11-12 12:09:12,9,B+1.0,4.0155,44000
2025-11-12 12:09:15,9,B+1.0,3.9894,44000
2025-11-12 12:09:17,9,B+1.0,3.9861,44000
2025-11-12 12:09:19,9,B+1.0,3.9838,44000
2025-11-12 12:09:23,11,B+1.0,3.9509,44000
2025-11-12 12:09:25,9,B+1.0,3.929,44000
2025-11-12 12:09:28,11,B+1.0,3.9222,44000
2025-11-12 12:09:32,14,W+1.0,3.918,44000
2025-11-12 12:09:35,9,B+1.0,3.9196,44000
2025-11-12 12:09:42,17,B+1.0,3.9553,44000
2025-11-12 12:09:45,11,B+1.0,3.9514,44000
2025-11-12 12:09:48,9,B+1.0,3.9423,44000
2025-11-12 12:09:52,13,B+1.0,3.9157,44000
2025-11-12 12:09:57,18,W+1.0,3.9272,44000
2025-11-12 12:09:59,9,B+1.0,3.9033,44000
2025-11-12 12:10:01,9,B+1.0,3.8831,44000
2025-11-12 12:10:09,27,B+1.0,3.9324,44000
2025-11-12 12:10:12,11,B+1.0,3.9209,44000
2025-11-12 12:10:16,13,B+1.0,3.8811,44000
2025-11-12 12:10:20,16,W+1.0,3.8972,44000
2025-11-12 12:10:24,11,B+1.0,3.8908,44000
2025-11-12 12:10:27,9,B+1.0,3.8786,44000
2025-11-12 12:10:30,11,B+1.0,3.8663,44000
2025-11-12 12:10:33,11,B+1.0,3.8687,44000
2025-11-12 12:10:38,17,B+1.0,3.8752,44000
2025-11-12 12:10:42,13,B+1.0,3.8752,44000
2025-11-12 12:10:45,9,B+1.0,3.8745,44000
2025-11-12 12:10:50,17,B+1.0,3.8945,44000
2025-11-12 12:10:54,13,B+1.0,3.8916,44000
2025-11-12 12:10:59,20,W+1.0,3.9142,44000
2025-11-12 12:11:03,13,B+1.0,3.9123,44000
2025-11-12 12:11:06,13,B+1.0,3.9174,44000
2025-11-12 12:11:09,9,B+1.0,3.8885,44000
2025-11-12 12:11:12,12,W+1.0,3.8817,44000
2025-11-12 12:11:17,17,B+1.0,3.9041,44000
2025-11-12 12:11:24,26,W+1.0,3.9416,44000
2025-11-12 12:11:26,9,B+1.0,3.9311,44000
2025-11-12 12:11:29,11,B+1.0,3.9304,44000
2025-11-12 12:11:31,11,B+1.0,3.8985,44000
2025-11-12 12:11:35,13,B+1.0,3.8602,44000
2025-11-12 12:11:37,9,B+1.0,3.8604,44000
2025-11-12 12:11:41,14,W+1.0,3.8703,44000
2025-11-12 12:11:43,9,B+1.0,3.8617,44000
2025-11-12 12:11:47,11,B+1.0,3.8339,44000
2025-11-12 12:11:50,9,B+1.0,3.8162,44000
2025-11-12 12:11:53,11,B+1.0,3.7756,44000
2025-11-12 12:11:57,13,B+1.0,3.7823,44000
2025-11-12 12:12:00,9,B+1.0,3.7729,44000
2025-11-12 12:12:04,16,W+1.0,3.7937,44000
2025-11-12 12:12:07,12,W+1.0,3.798,44000
2025-11-12 12:12:13,17,B+1.0,3.7665,44000
2025-11-12 12:12:17,13,B+1.0,3.7705,44000
2025-11-12 12:12:21,12,W+1.0,3.7696,44000
2025-11-12 12:12:26,19,B+1.0,3.7783,44000
2025-11-12 12:12:31,20,W+1.0,3.7873,44000
2025-11-12 12:12:39,27,B+1.0,3.8241,44000
2025-11-12 12:12:42,9,B+1.0,3.8097,44000
2025-11-12 12:12:44,9,B+1.0,3.7597,44000
2025-11-12 12:12:47,9,B+1.0,3.7335,44000
2025-11-12 12:12:52,18,W+1.0,3.7389,44000
2025-11-12 12:12:54,9,B+1.0,3.7215,44000
2025-11-12 12:12:57,9,B+1.0,3.7223,44000
2025-11-12 12:13:08,37,B+1.0,3.7781,44000
2025-11-12 12:13:10,9,B+1.0,3.7728,44000
2025-11-12 12:13:16,22,W+1.0,3.7999,44000
2025-11-12 12:13:20,12,W+1.0,3.7926,44000
2025-11-12 12:13:25,17,B+1.0,3.7748,44000
2025-11-12 12:13:27,9,B+1.0,3.7068,44000
2025-11-12 12:13:32,15,B+1.0,3.7279,44000
2025-11-12 12:13:35,11,B+1.0,3.7208,44000
2025-11-12 12:13:41,16,W+1.0,3.7121,44000
2025-11-12 12:13:47,17,B+1.0,3.7102,44000
2025-11-12 12:13:49,9,B+1.0,3.7047,44000
2025-11-12 12:13:52,9,B+1.0,3.7046,44000
2025-11-12 12:13:55,11,B+1.0,3.6836,44000
2025-11-12 12:14:00,11,B+1.0,3.69,44000
2025-11-12 12:14:05,19,B+1.0,3.7172,44000
2025-11-12 12:14:08,9,B+1.0,3.7164,44000
2025-11-12 12:14:10,9,B+1.0,3.7185,44000
2025-11-12 12:14:15,15,B+1.0,3.73,44000
2025-11-12 12:14:18,11,B+1.0,3.7401,44000
2025-11-12 12:14:24,15,B+1.0,3.7676,44000
2025-11-12 12:14:28,11,B+1.0,3.7768,44000
2025-11-12 12:14:33,13,B+1.0,3.8017,44000
2025-11-12 12:14:37,13,B+1.0,3.8171,44000
2025-11-12 12:14:48,29,B+1.0,3.8692,44000
2025-11-12 12:14:51,12,W+1.0,3.8692,44000
2025-11-12 12:14:56,15,B+1.0,3.8886,44000
2025-11-12 12:14:59,13,B+1.0,3.8969,44000
2025-11-12 12:15:02,9,B+1.0,3.9008,44000
2025-11-12 12:15:05,9,B+1.0,3.9018,44000
2025-11-12 12:15:10,15,B+1.0,3.9016,44000
2025-11-12 12:15:17,19,B+1.0,3.9464,44000
2025-11-12 12:15:19,9,B+1.0,3.9304,44000
2025-11-12 12:15:26,22,W+1.0,3.968,44000
2025-11-12 12:15:30,11,B+1.0,3.9594,44000
2025-11-12 12:15:35,15,B+1.0,3.9748,44000
2025-11-12 12:15:42,23,B+1.0,4.0068,44000
2025-11-12 12:15:47,12,W+1.0,3.9937,44000
2025-11-12 12:15:51,15,B+1.0,4.0168,44000
2025-11-12 12:15:54,9,B+1.0,4.0179,44000
2025-11-12 12:15:57,9,B+1.0,4.0174,44000
2025-11-12 12:15:59,9,B+1.0,4.0202,44000
2025-11-12 12:16:03,11,B+1.0,4.0312,44000
2025-11-12 12:16:08,17,B+1.0,4.0478,44000
2025-11-12 12:16:11,9,B+1.0,4.0541,44000
2025-11-12 12:16:13,9,B+1.0,4.0459,44000
2025-11-12 12:16:17,10,W+1.0,4.0433,44000
2025-11-12 12:16:21,11,B+1.0,4.0576,44000
2025-11-12 12:16:25,11,B+1.0,4.0286,44000
2025-11-12 12:16:28,9,B+1.0,4.0239,44000
2025-11-12 12:16:33,13,B+1.0,4.05,44000
2025-11-12 12:16:39,13,B+1.0,4.066,44000
2025-11-12 12:16:43,9,B+1.0,4.0549,44000
2025-11-12 12:16:47,9,B+1.0,4.0726,44000
2025-11-12 12:16:51,11,B+1.0,4.0973,44000
2025-11-12 12:16:56,14,W+1.0,4.0629,44000
2025-11-12 12:16:59,11,B+1.0,4.0619,44000
2025-11-12 12:17:05,21,B+1.0,4.0861,44000
2025-11-12 12:17:09,11,B+1.0,4.087,44000
2025-11-12 12:17:13,11,B+1.0,4.0936,44000
2025-11-12 12:17:17,11,B+1.0,4.0983,44000
2025-11-12 12:17:20,9,B+1.0,4.1016,44000
2025-11-12 12:17:23,12,W+1.0,4.0932,44000
2025-11-12 12:17:27,9,B+1.0,4.0843,44000
2025-11-12 12:17:29,11,B+1.0,4.0731,44000
2025-11-12 12:17:35,18,W+1.0,4.1009,44000
2025-11-12 12:17:38,10,W+1.0,4.0762,44000
2025-11-12 12:17:42,12,W+1.0,4.0766,44000
2025-11-12 12:17:48,18,W+1.0,4.0932,44000
2025-11-12 12:17:57,29,B+1.0,4.1432,44000
2025-11-12 12:18:02,13,B+1.0,4.1558,44000
2025-11-12 12:18:05,9,B+1.0,4.1527,44000
2025-11-12 12:18:08,9,B+1.0,4.1586,44000
2025-11-12 12:18:11,11,B+1.0,4.1376,44000
2025-11-12 12:18:14,9,B+1.0,4.098,44000
2025-11-12 12:18:16,9,B+1.0,4.0998,44000
2025-11-12 12:18:21,16,W+1.0,4.1229,44000
2025-11-12 12:18:24,9,B+1.0,4.1226,44000
2025-11-12 12:18:29,15,B+1.0,4.1343,44000
2025-11-12 12:18:32,9,B+1.0,4.1416,44000
2025-11-12 12:18:44,37,B+1.0,4.2271,44000
2025-11-12 12:18:47,10,W+1.0,4.2358,44000
2025-11-12 12:18:52,14,W+1.0,4.247,44000
2025-11-12 12:18:56,9,B+1.0,4.2492,44000
2025-11-12 12:19:02,21,B+1.0,4.2825,44000
2025-11-12 12:19:05,10,W+1.0,4.2723,44000
2025-11-12 12:19:08,10,W+1.0,4.2773,44000
2025-11-12 12:19:10,9,B+1.0,4.2614,44000
2025-11-12 12:19:13,9,B+1.0,4.2579,44000
2025-11-12 12:19:16,10,W+1.0,4.2281,44000
2025-11-12 12:19:22,21,B+1.0,4.2438,44000
2025-11-12 12:19:24,11,B+1.0,4.2348,44000
2025-11-12 12:19:28,13,B+1.0,4.2235,44000
2025-11-12 12:19:32,11,B+1.0,4.2,44000
2025-11-12 12:19:34,9,B+1.0,4.1492,44000
2025-11-12 12:19:38,11,B+1.0,4.1579,44000
2025-11-12 12:19:41,11,B+1.0,4.1675,44000
2025-11-12 12:19:50,27,B+1.0,4.2251,44000
2025-11-12 12:19:56,17,B+1.0,4.2409,44000
2025-11-12 12:19:59,9,B+1.0,4.2469,44000
2025-11-12 12:20:02,9,B+1.0,4.2507,44000
2025-11-12 12:20:09,23,B+1.0,4.2046,44000
2025-11-12 12:20:17,25,B+1.0,4.2607,44000
2025-11-12 12:20:21,11,B+1.0,4.2469,44000
2025-11-12 12:20:28,20,W+1.0,4.2821,44000
2025-11-12 12:20:31,9,B+1.0,4.2606,44000
2025-11-12 12:20:34,9,B+1.0,4.2658,44000
2025-11-12 12:20:41,16,W+1.0,4.2852,44000
2025-11-12 12:20:44,11,B+1.0,4.2896,44000
2025-11-12 12:20:50,16,W+1.0,4.2854,44000
2025-11-12 12:20:53,9,B+1.0,4.2644,44000
2025-11-12 12:20:59,15,B+1.0,4.2965,44000
2025-11-12 12:21:03,14,W+1.0,4.3062,44000
2025-11-12 12:21:08,15,B+1.0,4.328,44000
2025-11-12 12:21:12,15,B+1.0,4.3231,44000
2025-11-12 12:21:17,17,B+1.0,4.3193,44000
2025-11-12 12:21:20,9,B+1.0,4.3235,44000
2025-11-12 12:21:25,14,W+1.0,4.3422,44000
2025-11-12 12:21:28,11,B+1.0,4.3335,44000
2025-11-12 12:21:34,15,B+1.0,4.3552,44000
2025-11-12 12:21:39,14,W+1.0,4.3483,44000
2025-11-12 12:21:44,18,W+1.0,4.3666,44000
2025-11-12 12:22:38,10,W+1.0,4.3532,45000
2025-11-12 12:22:42,13,B+1.0,4.2956,45000
2025-11-12 12:22:46,14,W+1.0,4.2948,45000
2025-11-12 12:22:49,9,B+1.0,4.2804,45000
2025-11-12 12:22:53,13,B+1.0,4.2856,45000
2025-11-12 12:22:58,14,W+1.0,4.3039,45000
2025-11-12 12:23:01,12,W+1.0,4.3118,45000
2025-11-12 12:23:06,12,W+1.0,4.3091,45000
2025-11-12 12:23:09,9,B+1.0,4.2732,45000
2025-11-12 12:23:19,29,B+1.0,4.349,45000
2025-11-12 12:23:22,9,B+1.0,4.3049,45000
2025-11-12 12:23:25,9,B+1.0,4.2995,45000
2025-11-12 12:23:30,11,B+1.0,4.3022,45000
2025-11-12 12:23:34,11,B+1.0,4.272,45000
2025-11-12 12:23:41,21,B+1.0,4.2951,45000
